序号,链接,节点数
0,https://pai.yt/clash,0
1,https://raw.githubusercontent.com/Huibq/TrojanLinks/master/links/vmess,0
2,https://raw.githubusercontent.com/Surfboardv2ray/TGParse/main/python/hy2,52
3,https://raw.githubusercontent.com/Surfboardv2ray/TGParse/main/python/hysteria2,158
4,https://raw.githubusercontent.com/ripaojiedian/freenode/main/clash,0
5,https://raw.githubusercontent.com/ripaojiedian/freenode/main/sub,0
6,https://raw.githubusercontent.com/shaoyouvip/free/refs/heads/main/all.yaml,0
7,https://raw.githubusercontent.com/zhangkaiitugithub/passcro/main/speednodes.yaml,159

总计,,316
